kategori_servis,revenue,item_rows,visits,share
Oli & Filter,5526660000,20993,7170,0.5638975420737625
Rem & Kaki,1387164000,2212,1586,0.14153546084854302
Tune Up,1201998000,2725,2499,0.12264255767092212
Kelistrikan,1200411000,867,867,0.1224806324938222
Pendingin,264754000,1186,1186,0.02701344570756966
Drivetrain,111494000,317,317,0.011375983425065425
Lainnya,108342000,723,723,0.01105437778031498
