segmen_pemakaian_asli,n,avg_gap_days,median_gap_days,avg_gap_km,median_gap_km
Heavy Daily,3990,67.31127819548873,62.0,6146.983709273183,5892.5
Weekend Warrior,1195,110.09874476987447,99.0,5679.753974895398,5366.0
Light Commuter,1270,221.08267716535434,207.0,6858.0,6588.5
