cluster_id,cars,avg_km_per_month,avg_oil_gap_days,avg_visits_per_year,avg_revenue_per_year,top_hidden_segment
1,242,983.6603305785123,212.98264392288152,2.7659970605606277,3257129.183590317,Light Commuter
0,196,1537.7091836734694,217.2744067756973,2.980510515706986,3729561.7300818404,Light Commuter
2,182,2675.9285714285716,64.77754778470452,6.613389849994577,7593230.667535112,Heavy Daily
